Time (s),Volume (m^3),e-(1),Ar(2),Arp(3)
0.0,3.7187721422257316,6.175165367910961e-08,0.9999998764966928,6.175165350358922e-08
3.188330201211932e-16,3.7187721422259226,6.175165411849697e-08,0.9999998764966923,6.175165394297658e-08
8.92732456339341e-16,3.7187721422262663,6.175165490939421e-08,0.9999998764966915,6.175165473387382e-08
2.0405313287756364e-15,3.7187721422269533,6.175165649118873e-08,0.99999987649669,6.175165631566834e-08
4.3361290736482276e-15,3.718772142228327,6.175165965477795e-08,0.9999998764966869,6.175165947925756e-08
8.92732456339341e-15,3.7187721422310744,6.175166598195704e-08,0.9999998764966805,6.175166580643664e-08
1.8109715542883774e-14,3.7187721422365696,6.17516786363178e-08,0.9999998764966679,6.17516784607974e-08
3.6474497501864504e-14,3.7187721422475595,6.175170394504968e-08,0.9999998764966426,6.175170376952929e-08
7.320406141982597e-14,3.7187721422695383,6.175175456255495e-08,0.9999998764965919,6.175175438703456e-08
1.4666318925574889e-13,3.7187721423134956,6.175185579773145e-08,0.9999998764964907,6.175185562221105e-08
2.935814449275947e-13,3.718772142401412,6.17520582687483e-08,0.9999998764962882,6.175205809322791e-08
5.874179562712863e-13,3.718772142577246,6.175246321343742e-08,0.9999998764958833,6.175246303791703e-08
1e-12,3.718772142928922,6.175303181227446e-08,0.9999998764953146,6.175303163675407e-08
1.1750909789586697e-12,3.718772142928922,6.175327311343753e-08,0.9999998764950734,6.175327293791714e-08
2.3504370243334363e-12,3.71877214363229,6.175489295592618e-08,0.9999998764934536,6.175489278040579e-08
4.701129115082969e-12,3.7187721450390985,6.175813281086626e-08,0.9999998764902137,6.175813263534587e-08
7.051821205832503e-12,3.7187721464459065,6.176137283577806e-08,0.9999998764869736,6.176137266025766e-08
1e-11,3.7187721492600385,6.176543681978264e-08,0.9999998764829097,6.176543664426225e-08
1.175320538733157e-11,3.7187721492600385,6.176785356555971e-08,0.9999998764804929,6.176785339003932e-08
1.598445115068073e-11,3.7187721517929444,6.177368677165484e-08,0.9999998764746597,6.177368659613445e-08
2.021569691402989e-11,3.718772154325823,6.177952055922598e-08,0.9999998764688259,6.177952038370559e-08
2.4446942677379053e-11,3.7187721568592202,6.178535489611367e-08,0.9999998764629916,6.178535472059328e-08
3.2909434204077376e-11,3.718772161926782,6.179702482274236e-08,0.9999998764513216,6.179702464722197e-08
4.13719257307757e-11,3.718772166994804,6.180869678029757e-08,0.9999998764396498,6.180869660477717e-08
4.983441725747402e-11,3.7187721720640328,6.18203709068847e-08,0.9999998764279756,6.182037073136431e-08
6.675940031087066e-11,3.7187721822052406,6.184372579163984e-08,0.9999998764046207,6.184372561611945e-08
8.36843833642673e-11,3.7187721923502264,6.186708949309889e-08,0.999999876381257,6.18670893175785e-08
9.999999999999999e-11,3.7187722126516665,6.18896203660213e-08,0.9999998763587261,6.18896201905009e-08
1.175343494710606e-10,3.7187722126516665,6.191384338092154e-08,0.999999876334503,6.191384320540114e-08
1.8523428168464716e-10,3.718772253300618,6.200745721073646e-08,0.9999998762408893,6.200745703521607e-08
2.529342138982337e-10,3.7187722940109706,6.210121259642009e-08,0.9999998761471339,6.21012124208997e-08
3.206341461118203e-10,3.718772334782921,6.219510974358805e-08,0.9999998760532368,6.219510956806766e-08
3.883340783254069e-10,3.7187723756165387,6.228914886377654e-08,0.9999998759591977,6.228914868825615e-08
5.2373394275258e-10,3.718772457469161,6.24776538072695e-08,0.9999998757706927,6.24776536317491e-08
6.591338071797531e-10,3.7187725395692923,6.266672912462127e-08,0.9999998755816173,6.266672894910087e-08
7.945336716069263e-10,3.7187726219179575,6.285637660755996e-08,0.9999998753919699,6.285637643203956e-08
9.999999999999999e-10,3.7187727873636467,6.314525933657472e-08,0.9999998751030872,6.314525916105433e-08
1.0653334004612726e-09,3.7187727873636467,6.323739508791919e-08,0.9999998750109514,6.32373949123988e-08
1.336133129315619e-09,3.71877295381223,6.362072323888432e-08,0.9999998746276233,6.362072306336393e-08
1.8777325870243117e-09,3.7187732897424057,6.439436464354658e-08,0.9999998738539819,6.439436446802619e-08
2.4193320447330044e-09,3.7187736297572855,6.517741378738211e-08,0.9999998730709329,6.517741361186172e-08
2.960931502441697e-09,3.71877397390699,6.596998496676145e-08,0.9999998722783615,6.596998479124105e-08
3.5025309601503897e-09,3.7187743222416554,6.677219391524005e-08,0.9999998714761525,6.677219373971965e-08
4.0441304178590824e-09,3.7187746748122223,6.758415781152779e-08,0.9999998706641887,6.75841576360074e-08
5.127329333276468e-09,3.7187753928678564,6.9237826017479e-08,0.9999998690105204,6.923782584195861e-08
6.210528248693853e-09,3.7187761284914767,7.093195602539719e-08,0.9999998673163906,7.093195584987679e-08
7.1854072725695e-09,3.718776805930949,7.249208580544959e-08,0.9999998657562605,7.24920856299292e-08
8.160286296445147e-09,3.718777498269619,7.408652995917978e-08,0.9999998641618164,7.408652978365939e-08
9.135165320320794e-09,3.7187782058360046,7.571604320235317e-08,0.9999998625323032,7.571604302683277e-08
9.999999999999999e-09,3.71877892896505,7.719159254865221e-08,0.9999998610567538,7.719159237313181e-08
1.011004434419644e-08,3.71877892896505,7.738139682920567e-08,0.9999998608669496,7.738139665368528e-08
1.1084923368072087e-08,3.718779667998976,7.908337910548045e-08,0.9999998591649674,7.908337892996006e-08
1.2059802391947734e-08,3.7187804232875896,8.082279564476288e-08,0.9999998574255509,8.082279546924248e-08
1.4009560439699028e-08,3.7187819840668936,8.44172428732396e-08,0.9999998538311037,8.441724269771921e-08
1.595931848745032e-08,3.718783614257747,8.817154469701795e-08,0.9999998500768018,8.817154452149756e-08
1.7909076535201615e-08,3.718785316947868,9.209281023292253e-08,0.9999998461555364,9.20928100574021e-08
1.985883458295291e-08,3.718787095361234,9.618846495234577e-08,0.9999998420598816,9.618846477682538e-08
2.2278705577745148e-08,3.718789412958324,1.0152585063455713e-07,0.9999998367224958,1.0152585045903672e-07
2.4698576572537388e-08,3.718791859154784,1.0715939798569747e-07,0.9999998310889486,1.0715939781017705e-07
2.7118447567329627e-08,3.7187944410856146,1.1310553973086148e-07,0.9999998251428066,1.1310553955534107e-07
2.9538318562121866e-08,3.7187971662823864,1.193816207103043e-07,0.9999998188667258,1.1938162053478394e-07
3.19581895569141e-08,3.71880004269467,1.260059482520814e-07,0.9999998122423983,1.2600594807656095e-07
3.437806055170634e-08,3.7188030787128965,1.3299784524343846e-07,0.9999998052505013,1.3299784506791804e-07
3.6797931546498574e-08,3.7188062831927775,1.403777065241118e-07,0.9999997978706402,1.403777063485914e-07
3.921780254129081e-08,3.7188096654814498,1.4816705858287604e-07,0.999999790081288,1.4816705840735562e-07
4.1637673536083047e-08,3.718813235444858,1.5638862235823765e-07,0.9999997818597243,1.5638862218271723e-07
4.405754453087528e-08,3.7188170034963184,1.6506637934307296e-07,0.9999997731819672,1.6506637916755252e-07
4.647741552566752e-08,3.7188209806267394,1.7422564145144467e-07,0.9999997640227053,1.7422564127592425e-07
4.8897286520459755e-08,3.718825178436762,1.8389312491509789e-07,0.9999997543552217,1.8389312473957746e-07
5.131715751525199e-08,3.7188296091707307,1.9409702825427356e-07,0.9999997441513183,1.9409702807875314e-07
5.373702851004423e-08,3.7188342857523593,2.0486711445435358e-07,0.999999733381232,2.0486711427883318e-07
5.615689950483646e-08,3.7188392218223094,2.1623479768101384e-07,0.999999722013549,2.1623479750549342e-07
5.85767704996287e-08,3.7188444317779465,2.2823323488187594e-07,0.9999997100151117,2.2823323470635552e-07
6.099664149442093e-08,3.7188499308153893,2.4089742250301926e-07,0.999999697350924,2.408974223274989e-07
6.341651248921318e-08,3.7188557349738467,2.542642985226283e-07,0.999999683984048,2.5426429834710783e-07
6.583638348400542e-08,3.7188618611823183,2.6837285010258054e-07,0.9999996698754964,2.683728499270601e-07
6.825625447879766e-08,3.718868327308931,2.8326422722864007e-07,0.9999996549841194,2.8326422705311965e-07
7.06761254735899e-08,3.718875152213031,2.989818626839637e-07,0.9999996392664838,2.989818625084433e-07
7.309599646838215e-08,3.7188823558001953,3.1557159866816986e-07,0.9999996226767479,3.1557159849264944e-07
7.551586746317439e-08,3.718889959080243,3.330818204093488e-07,0.9999996051665262,3.3308182023382837e-07
7.793573845796663e-08,3.7188979842284535,3.5156359717746545e-07,0.9999995866847495,3.5156359700194503e-07
8.035560945275888e-08,3.7189064546501878,3.710708311297858e-07,0.9999995671775155,3.710708309542654e-07
8.277548044755112e-08,3.718915395049124,3.9166041441283154e-07,0.9999995465879322,3.916604142373111e-07
8.519535144234336e-08,3.718924831499249,4.1339239496028594e-07,0.9999995248559517,4.1339239478476546e-07
8.76152224371356e-08,3.718934791520832,4.36330151469271e-07,0.9999995019181951,4.363301512937505e-07
9.003509343192785e-08,3.718945304160615,4.605405780756084e-07,0.9999994777077686,4.605405779000879e-07
9.245496442672009e-08,3.7189564000764412,4.860942792674612e-07,0.9999994521540676,4.860942790919408e-07
9.487483542151233e-08,3.7189681116265842,5.130657755953398e-07,0.9999994251825711,5.130657754198194e-07
9.729470641630457e-08,3.7189804729640272,5.415337207709833e-07,0.999999396714626,5.415337205954629e-07
9.971457741109682e-08,3.7189935201359345,5.715811307893125e-07,0.9999993666672159,5.715811306137922e-07
9.999999999999998e-08,3.7190072911886585,5.752333729015735e-07,0.9999993630149739,5.752333727260531e-07
1.0213444840588906e-07,3.7190072911886585,6.032956257425497e-07,0.999999334952721,6.032956255670293e-07
1.045543194006813e-07,3.719021826278559,6.367696850259914e-07,0.9999993014786618,6.367696848504712e-07
1.0697419039547355e-07,3.719037167788947,6.721009166715372e-07,0.99999926614743,6.721009164960168e-07
1.0939406139026579e-07,3.7190533604535143,7.093923415895736e-07,0.999999228856005,7.093923414140531e-07
1.1181393238505803e-07,3.719070451486584,7.487526935452525e-07,0.9999991894956531,7.487526933697323e-07
1.1423380337985027e-07,3.7190884907205763,7.902967357384481e-07,0.9999991479516109,7.902967355629277e-07
1.1665367437464252e-07,3.719107530751084,8.341455949019983e-07,0.9999991041027518,8.341455947264779e-07
1.1907354536943476e-07,3.7191276270899642,8.80427113883829e-07,0.9999990578212326,8.804271137083085e-07
1.21493416364227e-07,3.719148838326916,9.292762237334488e-07,0.9999990089721229,9.292762235579284e-07
1.2391328735901922e-07,3.7191712262999714,9.808353363692548e-07,0.9999989574130103,9.808353361937345e-07
1.2633315835381145e-07,3.719194856275439,1.035254758960639e-06,0.9999989029935875,1.0352547587851185e-06
1.2875302934860368e-07,3.719219797137777,1.0926931312205385e-06,0.9999988455552153,1.0926931310450182e-06
1.311729003433959e-07,3.719246121589975,1.153317886870325e-06,0.9999987849304597,1.1533178866948047e-06
1.3359277133818814e-07,3.719273906365006,1.2173057406083967e-06,0.999998720942606,1.2173057404328764e-06
1.3601264233298036e-07,3.719303232448956,1.2848432019860925e-06,0.9999986534051445,1.2848432018105723e-06
1.384325133277726e-07,3.7193341853164905,1.3561271176705613e-06,0.9999985821212287,1.3561271174950408e-06
1.4085238432256482e-07,3.719366855179317,1.4313652436549987e-06,0.999998506883103,1.4313652434794787e-06
1.4327225531735705e-07,3.7194013372483674,1.5107768490620367e-06,0.9999984274714975,1.5107768488865164e-06
1.4569212631214928e-07,3.7194377320104555,1.5945933532755446e-06,0.9999983436549932,1.5945933531000245e-06
1.481119973069415e-07,3.7194761455201983,1.6830589982300346e-06,0.9999982551893483,1.6830589980545146e-06
1.5053186830173374e-07,3.719516689708034,1.7764315577860056e-06,0.9999981618167889,1.7764315576104853e-06
1.5295173929652597e-07,3.719559482705242,1.8749830862241864e-06,0.9999980632652602,1.874983086048666e-06
1.553716102913182e-07,3.7196046491868677,1.9790007080017437e-06,0.9999979592476385,1.9790007078262236e-06
1.5779148128611043e-07,3.7196523207335437,2.0887874510291914e-06,0.9999978494608956,2.0887874508536714e-06
1.6021135228090266e-07,3.7197026362132486,2.204663125848423e-06,0.9999977335852207,2.2046631256729027e-06
1.626312232756949e-07,3.7197557421840846,2.3269652532205453e-06,0.9999976112830933,2.3269652530450253e-06
1.6505109427048712e-07,3.719811793319221,2.4560500427670946e-06,0.9999974821983038,2.456050042591574e-06
1.6747096526527935e-07,3.719870952855223,2.5922934254500776e-06,0.9999973459549211,2.5922934252745576e-06
1.6989083626007158e-07,3.719933393065012,2.7360921428254006e-06,0.9999972021562037,2.7360921426498805e-06
1.723107072548638e-07,3.719999295756855,2.8878648961610168e-06,0.9999970503834503,2.887864895985497e-06
1.7473057824965604e-07,3.720068852800727,3.0480535586760627e-06,0.9999968901947877,3.048053558500543e-06
1.7715044924444826e-07,3.7201422666835935,3.2171244543304894e-06,0.9999967211238922,3.2171244541549694e-06
1.795703202392405e-07,3.720219751095149,3.395569706776698e-06,0.9999965426786397,3.395569706601178e-06
1.8199019123403272e-07,3.7203015315456756,3.5839086622758684e-06,0.999996354339684,3.583908662100348e-06
1.8441006222882495e-07,3.720387846017761,3.7826893905823822e-06,0.9999961555589559,3.7826893904068618e-06
1.8682993322361718e-07,3.7204789456536855,3.992490268010516e-06,0.9999959457580784,3.992490267834995e-06
1.892498042184094e-07,3.720575095480445,4.213921647118719e-06,0.9999957243266993,4.213921646943199e-06
1.9166967521320164e-07,3.720676575174391,4.447627617678707e-06,0.9999954906207288,4.447627617503187e-06
1.9408954620799387e-07,3.720783679867643,4.694287863839878e-06,0.9999952439604826,4.694287863664358e-06
1.965094172027861e-07,3.720896720998531,4.954619622654535e-06,0.9999949836287236,4.954619622479014e-06
1.9892928819757833e-07,3.721016027208387,5.229379749396527e-06,0.999994708868597,5.2293797492210065e-06
2.0134915919237056e-07,3.7211419452872003,5.519366895385711e-06,0.999994418881451,5.51936689521019e-06
2.037690301871628e-07,3.7212748411707364,5.825423804323517e-06,0.9999941128245422,5.825423804147998e-06
2.0618890118195502e-07,3.721415100991843,6.148439733451293e-06,0.9999937898086129,6.148439733275773e-06
2.0860877217674725e-07,3.7215631321888534,6.489353006163487e-06,0.9999934488953401,6.489353005987968e-06
2.1102864317153948e-07,3.72171936467408,6.84915370304268e-06,0.9999930890946432,6.8491537028671605e-06
2.134485141663317e-07,3.7218842520655993,7.228886498633016e-06,0.9999927093618477,7.228886498457496e-06
2.1586838516112394e-07,3.7220582729856533,7.629653651633741e-06,0.9999923085946948,7.62965365145822e-06
2.1828825615591616e-07,3.7222419324291622,8.05261815657509e-06,0.9999918856301899,8.05261815639957e-06
2.207081271507084e-07,3.722435763206045,8.499007065435533e-06,0.999991439241281,8.499007065260016e-06
2.2312799814550062e-07,3.72264032746117,8.970114988072433e-06,0.9999909681333584,8.970114987896912e-06
2.2554786914029285e-07,3.7228562182759917,9.467307780767778e-06,0.9999904709405656,9.46730778059226e-06
2.2796774013508508e-07,3.723084061356108,9.992026432637505e-06,0.9999899462219137,9.992026432461985e-06
2.303876111298773e-07,3.723324516809164,1.0545791160116177e-05,0.9999893924571863,1.0545791159940658e-05
2.3280748212466954e-07,3.7235782810177525,1.1130205720209992e-05,0.9999888080426261,1.1130205720034473e-05
2.3522735311946177e-07,3.7238460886121665,1.1746961953708845e-05,0.9999881912863927,1.1746961953533327e-05
2.37647224114254e-07,3.7241287145480757,1.2397844570063291e-05,0.9999875404037761,1.2397844569887772e-05
2.4006709510904623e-07,3.724426976294481,1.3084736186164373e-05,0.9999868535121601,1.3084736185988854e-05
2.4248696610383846e-07,3.724741736137437,1.380962263181267e-05,0.9999861286257145,1.380962263163715e-05
2.449068370986307e-07,3.7250739036053977,1.4574598535227821e-05,0.999985363649811,1.4574598535052302e-05
2.473267080934229e-07,3.725424438022195,1.5381873202529723e-05,0.9999845563751437,1.53818732023542e-05
2.4974657908821515e-07,3.725794351193988,1.6233776805717517e-05,0.9999837044715404,1.6233776805542e-05
2.521664500830074e-07,3.7261847102367294,1.7132766894280764e-05,0.999982805481452,1.7132766894105245e-05
2.545863210777996e-07,3.7265966405509947,1.8081435246197707e-05,0.9999818568131,1.808143524602219e-05
2.5700619207259184e-07,3.7270313289513157,1.9082515074706924e-05,0.9999808557332714,1.9082515074531405e-05
2.5942606306738406e-07,3.72749002695737,2.0138888607878377e-05,0.9999797993597384,2.0138888607702858e-05
2.618459340621763e-07,3.727974054254727,2.1253595058656546e-05,0.9999786846532875,2.1253595058481027e-05
2.642658050569685e-07,3.728484802333112,2.242983900369831e-05,0.9999775084093424,2.242983900352279e-05
2.6668567605176075e-07,3.7290237383103997,2.367099918997937e-05,0.9999762672491563,2.3670999189803852e-05
2.69105547046553e-07,3.7295924089508796,2.4980637788790864e-05,0.9999749576105573,2.498063778861535e-05
2.715254180413452e-07,3.730192444886591,2.636251011738861e-05,0.9999735757382289,2.6362510117213088e-05
2.7394528903613744e-07,3.7308255650507838,2.7820574849186662e-05,0.9999721176734971,2.7820574849011137e-05
2.7636516003092967e-07,3.7314935813328534,2.935900473399853e-05,0.9999705792436123,2.9359004733823008e-05
2.787850310257219e-07,3.732198403464355,3.098219785041737e-05,0.9999689560504958,3.098219785024185e-05
2.8120490202051413e-07,3.732942044145893,3.2694789412984636e-05,0.9999672434589332,3.269478941280911e-05
2.8362477301530636e-07,3.733726624424996,3.450166415731541e-05,0.9999654365841888,3.450166415713989e-05
2.860446440100986e-07,3.734554379335193,3.640796932682131e-05,0.9999635302790192,3.640796932664579e-05
2.884645150048908e-07,3.7354276638067856,3.8419128285085435e-05,0.9999615191200609,3.8419128284909916e-05
2.9088438599968305e-07,3.736348958859861,4.054085477829153e-05,0.999959397393568,4.054085477811601e-05
2.933042569944753e-07,3.7373208780902973,4.277916787237313e-05,0.9999571590804738,4.2779167872197613e-05
2.957241279892675e-07,3.7383461744595308,4.5140407589720606e-05,0.9999547978407564,4.514040758954508e-05
2.9814399898405974e-07,3.7394277473988917,4.763125127034349e-05,0.9999523069970758,4.763125127016798e-05
3.0056386997885197e-07,3.740568650239283,5.025873068232009e-05,0.9999496795176639,5.025873068214457e-05
3.029837409736442e-07,3.7417720979769338,5.303024990615369e-05,0.9999469079984401,5.303024990597817e-05
3.054036119684364e-07,3.7430414753856946,5.595360401727765e-05,0.9999439846443291,5.5953604017102134e-05
3.0782348296322865e-07,3.7443803454862037,5.90369985903849e-05,0.9999409012497559,5.903699859020938e-05
3.102433539580209e-07,3.7457924583818425,6.228907004847856e-05,0.9999376491782979,6.228907004830304e-05
3.126632249528131e-07,3.7472817604709765,6.571890687852151e-05,0.9999342193414675,6.571890687834599e-05
3.1508309594760534e-07,3.7488524040444497,6.933607173427615e-05,0.999930602176612,6.933607173410064e-05
3.1750296694239757e-07,3.750508757276548,7.315062444533796e-05,0.9999267876239009,7.315062444516244e-05
3.199228379371898e-07,3.7522554146168816,7.71731459494476e-05,0.9999227651023969,7.717314594927208e-05
3.2234270893198203e-07,3.7540972075895827,8.141476316287556e-05,0.9999185234851834,8.141476316270006e-05
3.2476257992677426e-07,3.756039216005104,8.588717480097625e-05,0.9999140510735451,8.588717480080072e-05
3.271824509215665e-07,3.7580867795884676,9.060267815786143e-05,0.9999093355701884,9.06026781576859e-05
3.296023219163587e-07,3.7602455100262975,9.55741968505038e-05,0.9999043640514957,9.557419685032828e-05
3.3202219291115095e-07,3.7625213034331217,0.00010081530952840282,0.9998991229388179,0.0001008153095282273
3.344420639059432e-07,3.764920353235347,0.00010634027954518184,0.9998935979688011,0.00010634027954500633
3.368619349007354e-07,3.767449163469023,0.0001121640855830851,0.9998877741627632,0.00011216408558290961
3.3928180589552764e-07,3.770114561939296,0.00011830245353375682,0.9998816357948125,0.0001183024535335813
3.4170167689031987e-07,3.77292371734757,0.00012477188810525478,0.999875166360241,0.00012477188810507925
3.441215478851121e-07,3.7758841473798217,0.00013158970658044673,0.9998683485417659,0.00013158970658027122
3.465414188799043e-07,3.779003738982462,0.0001387740740164066,0.9998611641743298,0.00013877407401623106
3.4896128987469655e-07,3.782290765138789,0.00014634403714812325,0.999853594211198,0.0001463440371479477
3.513811608694888e-07,3.785753893168851,0.0001543195598618306,0.9998456186884845,0.00015431955986165507
3.53801031864281e-07,3.7894022057756716,0.00016272156036835263,0.999837216687978,0.0001627215603681771
3.5622090285907324e-07,3.7932452167156514,0.00017157194861821968,0.9998283662997278,0.00017157194861804414
3.5864077385386547e-07,3.7972928874324943,0.0001808936629967812,0.9998190445853495,0.0001808936629966057
3.610606448486577e-07,3.8015556392169976,0.00019071070879326892,0.9998092275395533,0.0001907107087930934
3.6348051584344993e-07,3.8060443789624716,0.00020104819507803313,0.9997988900532683,0.00020104819507785763
3.6590038683824216e-07,3.8107705016958118,0.00021193237429285768,0.9997880058740534,0.00021193237429268215
3.683202578330344e-07,3.815745922044195,0.00022339068077050484,0.999776547567576,0.00022339068077032923
3.707401288278266e-07,3.820983081574647,0.00023545176833054862,0.9997644864800157,0.00023545176833037303
3.7315999982261885e-07,3.826494967974759,0.0002481455476545253,0.9997517927006919,0.00024814554765434973
3.755798708174111e-07,3.832295131480032,0.00026150322304544274,0.9997384350253009,0.0002615032230452671
3.779997418122033e-07,3.838397698369593,0.0002755573290058373,0.9997243809193406,0.00027555732900566175
3.8041961280699554e-07,3.8448173897106357,0.0002903417649528224,0.9997095964833934,0.00029034176495264686
3.8283948380178777e-07,3.851569530580314,0.00030589182956172577,0.9996940464187846,0.0003058918295615502
3.8525935479658e-07,3.8586700710872,0.0003222442523173285,0.9996776939960291,0.00032224425231715286
3.876792257913722e-07,3.866135595795055,0.00033943722149565666,0.9996605010268509,0.000339437221495481
3.9009909678616445e-07,3.8739833263291423,0.0003575104144254189,0.9996424278339211,0.0003575104144252433
3.925189677809567e-07,3.882231154976501,0.00037650502065983464,0.9996234332276864,0.000376505020659659
3.949388387757489e-07,3.8908976323892697,0.0003964637608669946,0.9996034744874794,0.00039646376086681893
3.9735870977054114e-07,3.9000019740055585,0.0004174309089530963,0.9995825073393934,0.0004174309089529207
3.9977858076533337e-07,3.9095640933915785,0.0004394523040299822,0.9995604859443165,0.00043945230402980644
4.021984517601256e-07,3.9196045751733637,0.00046257535737332284,0.9995373628909731,0.00046257535737314714
4.0461832275491783e-07,3.9301446910410585,0.0004868490566471,0.9995130891916993,0.0004868490566469244
4.0703819374971006e-07,3.941206394438049,0.0005123239671627067,0.9994876142811836,0.000512323967162531
4.094580647445023e-07,3.9528123234715404,0.0005390522256431583,0.9994608860227032,0.0005390522256429826
4.118779357392945e-07,3.964985796140396,0.0005670875229368174,0.9994328507254094,0.0005670875229366418
4.1429780673408675e-07,3.9777507905406106,0.0005964850813277834,0.9994034531670186,0.0005964850813276077
4.16717677728879e-07,3.9911319389796183,0.0006273016271818546,0.9993726366211646,0.0006273016271816788
4.191375487236712e-07,4.005154507525675,0.0006595953584564388,0.9993403428898899,0.0006595953584562633
4.2155741971846344e-07,4.019844385764818,0.0006934259016303737,0.9993065123467161,0.0006934259016301981
4.2397729071325567e-07,4.035228066588927,0.0007288542530452325,0.9992710839953012,0.0007288542530450569
4.263971617080479e-07,4.051332601426092,0.0007659427138184224,0.999233995534528,0.0007659427138182466
4.288170327028401e-07,4.068185578393384,0.0008047548202800099,0.9991951834280665,0.0008047548202798343
4.3123690369763235e-07,4.0858150859627775,0.000845355266245861,0.9991545829821004,0.0008453552662456853
4.336567746924246e-07,4.104249674058818,0.0008878098143401212,0.9991121284340062,0.0008878098143399456
4.360766456872168e-07,4.123518325857801,0.0009321851877014019,0.999067753060645,0.0009321851877012262
4.3849651668200904e-07,4.143650384294227,0.0009785489516546991,0.9990213892966916,0.0009785489516545235
4.4091638767680127e-07,4.164675481543589,0.001026969405638672,0.9989729688427076,0.0010269694056384963
4.433362586715935e-07,4.186623559912739,0.0010775154480392184,0.998922422800307,0.0010775154480390427
4.4575612966638573e-07,4.20952472580284,0.0011302564297064515,0.9988696818186399,0.0011302564297062758
4.4817600066117796e-07,4.233409222840125,0.001185262005352208,0.9988146762429942,0.0011852620053520323
4.505958716559702e-07,4.258307360066999,0.0012426019789954995,0.9987573362693507,0.0012426019789953237
4.530157426507624e-07,4.284249442200983,0.0013023461369681708,0.9986975921113782,0.0013023461369679951
4.5543561364555465e-07,4.311265682265334,0.0013645640748118414,0.9986353741735343,0.0013645640748116657
4.578554846403469e-07,4.339386147655562,0.0014293250116569989,0.9985706132366894,0.0014293250116568235
4.602753556351391e-07,4.368640636873174,0.0014966976095345111,0.9985032406388117,0.0014966976095343362
4.6269522662993134e-07,4.3990586560746685,0.0015667497791573004,0.998433188469189,0.001566749779157125
4.6511509762472357e-07,4.430669277224519,0.0016395484851562403,0.9983603897631901,0.0016395484851560648
4.6855090552879197e-07,4.477655611638113,0.00174775719660076,0.9982521810517455,0.001747757196600584
4.719867134328604e-07,4.5271834167934655,0.0018618188495355213,0.9981381193988107,0.0018618188495353458
4.754225213369288e-07,4.579329572513615,0.001981910583052092,0.9980180276652941,0.001981910583051916
4.788583292409972e-07,4.634167736644829,0.002108201905303598,0.9978917363430426,0.002108201905303423
4.822941371450655e-07,4.691767687430562,0.0022408536435697996,0.9977590846047764,0.002240853643569625
4.857299450491339e-07,4.752195110710312,0.002380016947637034,0.9976199213007093,0.002380016947636859
4.891657529532023e-07,4.8155110025248,0.0025258323739840967,0.9974741058743621,0.0025258323739839215
4.926015608572706e-07,4.881771457556888,0.002678429053745785,0.9973215091946005,0.00267842905374561
4.96037368761339e-07,4.951027251693031,0.0028379239635724883,0.9971620142847739,0.002837923963572313
4.991295958750005e-07,5.015956053333945,0.0029874537511949697,0.9970124844971512,0.002987453751194795
5.02221822988662e-07,5.08337675529022,0.003142722449354624,0.9968572157989916,0.003142722449354449
5.053140501023236e-07,5.1533144915864675,0.0033037879337089325,0.9966961503146375,0.0033037879337087577
5.084062772159851e-07,5.225790549336875,0.0034706989768954104,0.9965292392714508,0.0034706989768952356
5.114985043296467e-07,5.3008220397155865,0.0036434951622992748,0.9963564430860471,0.0036434951622991
5.145907314433082e-07,5.378422159379938,0.0038222068921592695,0.9961777313561869,0.0038222068921590943
5.176829585569697e-07,5.458600136238007,0.0040068554501740215,0.9959930827981723,0.004006855450173846
5.207751856706313e-07,5.541361363443072,0.004197453082063543,0.9958024851662829,0.004197453082063367
5.238674127842928e-07,5.626707214395557,0.004394003177381912,0.9956059350709644,0.0043940031773817365
5.269596398979544e-07,5.714635526504043,0.004596500481412564,0.9954034377669337,0.004596500481412389
5.300518670116159e-07,5.8051402716541824,0.0048049313981810785,0.9951950068501652,0.0048049313981809024
5.331440941252774e-07,5.898212179318608,0.005019274293228713,0.9949806639551176,0.005019274293228538
5.363495909689385e-07,5.997389560493424,0.005247678068665453,0.9947522601796809,0.005247678068665278
5.395550878125996e-07,6.099294080685861,0.005482362449334744,0.9945175757990117,0.005482362449334569
5.427605846562607e-07,6.20390459981194,0.0057232786334312745,0.9942766596149151,0.005723278633431099
5.459660814999217e-07,6.311196662339924,0.005970370429625123,0.9940295678187211,0.005970370429624948
5.491715783435828e-07,6.4211429550553385,0.0062235747921199685,0.9937763634562263,0.006223574792119793
5.523770751872439e-07,6.533713309523753,0.006482822384038311,0.993517115864308,0.006482822384038135
5.55582572030905e-07,6.648875179177685,0.006748038125818133,0.9932519001225282,0.006748038125817959
5.58788068874566e-07,6.766593654182786,0.007019141754229751,0.9929807964941165,0.007019141754229577
5.619935657182271e-07,6.886831920224211,0.007296048357575867,0.9927038898907704,0.0072960483575756924
5.651990625618882e-07,7.009551269557011,0.0075786689151473245,0.992421269333199,0.00757866891514715
5.684045594055493e-07,7.134711538861415,0.00786691080675439,0.9921330274415918,0.007866910806754215
5.716100562492103e-07,7.26227111406039,0.0081606783183457,0.9918392599300007,0.008160678318345526
5.756308460735465e-07,7.4256012077060545,0.008536824691289897,0.9914631135570563,0.008536824691289722
5.796516358978827e-07,7.592552795069554,0.008921311261850258,0.9910786269864964,0.008921311261850084
5.836724257222189e-07,7.763037789504824,0.009313935181766037,0.9906860030665804,0.009313935181765863
5.876932155465551e-07,7.936966830099743,0.009714490743709003,0.9902854475046374,0.00971449074370883
5.917140053708912e-07,8.114249865285053,0.010122770482427542,0.9898771677659188,0.010122770482427369
5.957347951952274e-07,8.294796468723828,0.010538566172008199,0.9894613720763383,0.010538566172008025
5.997555850195636e-07,8.478516285930825,0.010961669720012977,0.9890382685283335,0.010961669720012805
6.037763748438998e-07,8.665319361843196,0.011391873960889802,0.9886080642874566,0.011391873960889629
6.07797164668236e-07,8.85511644613694,0.011828973353443276,0.9881709648949033,0.011828973353443102
6.118179544925721e-07,9.047819258453888,0.01227276458833995,0.9877271736600067,0.012272764588339776
6.158387443169083e-07,9.243340714867388,0.012723047111783334,0.9872768911365633,0.01272304711178316
6.198595341412445e-07,9.441595121236125,0.013179623571436172,0.9868203146769104,0.013179623571435999
6.238803239655807e-07,9.642498335940282,0.013642300190798424,0.9863576380575483,0.01364230019079825
6.279011137899168e-07,9.845967904389212,0.014110887078408057,0.9858890511699386,0.01411088707840788
6.31921903614253e-07,10.05192316775709,0.014585198478177706,0.9854147397701688,0.014585198478177531
6.359426934385892e-07,10.260285348644913,0.015065052966903017,0.9849348852814436,0.015065052966902841
6.399634832629254e-07,10.470977616302555,0.015550273604616444,0.9844496646437302,0.015550273604616268
6.439842730872616e-07,10.683925133769725,0.016040688043109687,0.9839592502052369,0.016040688043109513
6.480050629115977e-07,10.899055089039912,0.0165361285976068,0.9834638096507398,0.016536128597606625
6.520258527359339e-07,11.116296712200926,0.017036432286207742,0.9829635059621389,0.017036432286207562
6.560466425602701e-07,11.335581280392576,0.01754144084133466,0.9824584974070119,0.01754144084133448
6.600674323846063e-07,11.55684211227748,0.018051000697024998,0.9819489375513216,0.018051000697024817
6.640882222089425e-07,11.78001455354607,0.018564962955546833,0.9814349752927997,0.01856496295554665
6.681090120332786e-07,12.005035954808292,0.01908318333646734,0.9809167549118791,0.01908318333646716
6.721298018576148e-07,12.231845643081243,0.019605522110980912,0.9803944161373656,0.019605522110980732
6.76150591681951e-07,12.460384887957039,0.020131844023996828,0.9798680942243496,0.020131844023996648
6.801713815062872e-07,12.690596863416648,0.02066201820620153,0.9793379200421447,0.02066201820620135
6.882129611549594e-07,13.155820959925956,0.02173342122810726,0.9782665170202391,0.02173342122810708
6.962545408036317e-07,13.627099764276197,0.0228187681403555,0.9771811701079908,0.02281876814035532
7.042961204523039e-07,14.104042822367788,0.023917159418549345,0.9760827788297969,0.023917159418549168
7.123377001009762e-07,14.586285175217062,0.025027755400415224,0.9749721828479311,0.025027755400415047
7.203792797496484e-07,15.07348692456187,0.026149772591466156,0.9738501656568801,0.026149772591465975
7.284208593983207e-07,15.565330557489066,0.027282480033087274,0.9727174582152589,0.027282480033087093
7.364624390469929e-07,16.061520014849453,0.02842519578002988,0.9715747424683164,0.028425195780029697
7.445040186956652e-07,16.56177898068916,0.029577283510378402,0.970422654737968,0.029577283510378218
7.525455983443374e-07,17.065849547287424,0.030738149292938884,0.9692617889554076,0.030738149292938704
7.605871779930097e-07,17.573490901351523,0.031907238535556715,0.9680926997127897,0.031907238535556534
7.686287576416819e-07,18.084478072968427,0.03308403312549201,0.9669159051228544,0.03308403312549183
7.766703372903542e-07,18.59860076869618,0.034268048760374634,0.965731889487972,0.034268048760374446
7.847119169390264e-07,19.11566229380312,0.03545883246321662,0.9645411057851299,0.03545883246321644
7.927534965876987e-07,19.635478554802237,0.03665596027500284,0.9633439779733437,0.03665596027500266
8.00795076236371e-07,20.157877132976235,0.03785903511817192,0.9621409031301746,0.03785903511817174
8.088366558850432e-07,20.682696425442323,0.03906768482243773,0.9609322534259087,0.03906768482243755
8.168782355337155e-07,21.209784852567346,0.04028156030266722,0.9597183779456794,0.04028156030266704
8.249198151823877e-07,21.73900012840424,0.04150033387819834,0.9584996043701483,0.04150033387819816
8.3296139483106e-07,22.270208588731286,0.04272369772357425,0.9572762405247721,0.04272369772357406
8.410029744797322e-07,22.80328457149158,0.04395136244123465,0.9560485758071118,0.043951362441234466
8.490445541284045e-07,23.3381098456982,0.04518305574698403,0.9548168825013627,0.04518305574698385
8.570861337770767e-07,23.87457308550624,0.04641852125934373,0.953581416989003,0.04641852125934355
8.65127713425749e-07,24.412569386028377,0.047657517384399835,0.9523424208639468,0.047657517384399654
8.731692930744212e-07,24.95199981734472,0.04889981628839683,0.9511001219599498,0.04889981628839666
8.812108727230935e-07,25.492771013413854,0.050145202950927,0.9498547352974197,0.050145202950926816
8.892524523717657e-07,26.034794793013216,0.051393474292083074,0.9486064639562636,0.051393474292082894
8.97294032020438e-07,26.577987810135614,0.052644438367425155,0.9473554998809214,0.052644438367424974
9.053356116691102e-07,27.122271231421763,0.053897913625100574,0.946102024623246,0.053897913625100394
9.133771913177825e-07,27.66757043834729,0.0551537282199348,0.944846210028412,0.05515372821993462
9.214187709664547e-07,28.213814752073098,0.056411719379752624,0.943588218868594,0.056411719379752444
9.29460350615127e-07,28.76093717907475,0.05767173281958784,0.942328205428759,0.05767173281958766
9.375019302637992e-07,29.30887417584123,0.05893362219980571,0.941066316048541,0.058933622199805524
9.455435099124715e-07,29.857565431071684,0.060197248624503985,0.9398026896238427,0.060197248624503805
9.535850895611437e-07,30.406953663924586,0.06146248017687525,0.9385374580714716,0.06146248017687506
9.61626669209816e-07,30.956984436998916,0.06272919148850332,0.9372707467598435,0.06272919148850314
9.777098285071606e-07,32.05876908963172,0.06526658236817728,0.9347333558801695,0.0652665823681771
9.921846718747707e-07,33.05207899410335,0.06755415782130761,0.9324457804270392,0.06755415782130743
9.999999999999997e-07,33.9879168452206,0.06879060294394639,0.9312093353044003,0.0687906029439462
1.005804013015951e-06,33.9879168452206,0.06970937613403853,0.9302905621143083,0.06970937613403835
1.0194233541571311e-06,34.924751621219656,0.07186689089426988,0.9281330473540769,0.07186689089426972
1.0330426952983113e-06,35.86240268087209,0.07402628480880036,0.9259736534395464,0.07402628480880018
1.0466620364394915e-06,36.800701927666076,0.07618717166041458,0.9238127665879321,0.07618717166041442
1.0602813775806717e-06,37.73949396684652,0.07834919345171559,0.9216507447966313,0.07834919345171541
1.073900718721852e-06,38.67863456436321,0.08051201790109984,0.919487920347247,0.08051201790109967
1.0875200598630321e-06,39.61798962701042,0.0826753362097019,0.9173246020386451,0.08267533620970172
1.1011394010042123e-06,40.55743435591432,0.08483886104082854,0.9151610772075184,0.08483886104082836
1.1147587421453925e-06,41.496852502527695,0.08700232469505491,0.912997613553292,0.08700232469505473
1.1283780832865727e-06,42.43613565675279,0.08916547747458109,0.9108344607737658,0.08916547747458091
1.141997424427753e-06,43.375182585287476,0.09132808621769506,0.908671852030652,0.09132808621769486
1.1556167655689331e-06,44.31389864870339,0.09348993297681271,0.9065100052715344,0.09348993297681253
1.1692361067101133e-06,45.25219528977853,0.0956508138196196,0.9043491244287273,0.0956508138196194
1.1828554478512935e-06,46.18998956944815,0.09781053774147633,0.9021894005068707,0.09781053774147613
1.1964747889924737e-06,47.127203737889175,0.09996892567992431,0.9000310125684227,0.09996892567992412
1.210094130133654e-06,48.06376484180951,0.10212580962070279,0.897874128627644,0.1021258096207026
1.2237134712748341e-06,48.99960436981639,0.1042810317842833,0.8957189064640636,0.10428103178428308
1.2373328124160143e-06,49.93465793186986,0.10643444388380069,0.8935654943645461,0.1064344438838005
1.2509521535571945e-06,50.86886496645275,0.10858590644741088,0.891414031800936,0.10858590644741069
1.2645714946983747e-06,51.80216847145951,0.1107352881990811,0.8892646500492658,0.11073528819908089
1.291810176980735e-06,53.66585329953585,0.11502732192174134,0.8849726163266056,0.11502732192174113
1.3163249910348591e-06,55.339572317683064,0.11888186774392841,0.8811180705044186,0.11888186774392819
1.3396733380809106e-06,56.9302386172254,0.12254514459591646,0.8774547936524305,0.12254514459591624
1.363021685126962e-06,58.51736975137051,0.12620028089119634,0.8737996573571505,0.12620028089119614
1.3863700321730136e-06,60.100784315430644,0.1298468568438432,0.8701530814045039,0.12984685684384295
1.409718379219065e-06,61.68031597212904,0.13348449077243316,0.8665154474759137,0.13348449077243296
1.4330667262651165e-06,63.25581391383038,0.13711283520455442,0.8628871030437926,0.1371128352045542
1.456415073311168e-06,64.82714073576732,0.14073157352368285,0.8592683647246642,0.14073157352368265
1.4797634203572195e-06,66.39417106963677,0.14434041702470082,0.8556595212236462,0.14434041702470063
1.503111767403271e-06,67.95679047948813,0.14793910227958385,0.8520608359687631,0.14793910227958365
1.5264601144493225e-06,69.51489451889513,0.15152738878295036,0.8484725494653966,0.15152738878295016
1.549808461495374e-06,71.06838782480321,0.1551050568667008,0.8448948813816464,0.15510505686670062
1.5731568085414254e-06,72.61718327613127,0.15867190585413773,0.8413280323942093,0.15867190585413754
1.596505155587477e-06,74.16120126301604,0.1622277524122198,0.8377721858361271,0.1622277524122196
1.6198535026335284e-06,75.70036905712452,0.1657724290701124,0.8342275091782346,0.1657724290701122
1.6432018496795799e-06,77.23462024627288,0.1693057828862873,0.8306941553620597,0.16930578288628712
1.6665501967256313e-06,78.76389421331568,0.17282767425110487,0.8271722639972421,0.17282767425110473
1.6898985437716828e-06,80.28813566123618,0.17633797580968544,0.8236619624386615,0.1763379758096853
1.7132468908177343e-06,81.80729418831496,0.17983657148914037,0.8201633667592064,0.1798365714891402
1.7365952378637858e-06,83.32132390798512,0.1833233556171311,0.816676582631216,0.18332335561713095
1.7832919319558885e-06,86.33383403538575,0.1902611140125941,0.8097388242357528,0.19026111401259402
1.825318956638781e-06,89.02717316466007,0.19646382723735356,0.8035361110109934,0.1964638272373534
1.865783152273171e-06,91.60414587715714,0.20239855062258522,0.7976013876257618,0.20239855062258508
1.9062473479075608e-06,94.16508365882292,0.20829634715529424,0.7917035910930525,0.20829634715529405
1.9467115435419507e-06,96.70988247582274,0.21415697423427174,0.7858429640140752,0.21415697423427157
1.9871757391763404e-06,99.23845649745888,0.21998023619745638,0.7800197020508906,0.2199802361974562
2.02763993481073e-06,101.75073888418564,0.22576597893522315,0.7742339593131237,0.225765978935223
2.0681041304451197e-06,104.24667888669487,0.2315140853164765,0.7684858529318703,0.23151408531647635
2.1085683260795094e-06,106.72623997601903,0.23722447122238505,0.762775467025962,0.23722447122238488
2.149032521713899e-06,109.18939835988695,0.24289708203167834,0.7571028562166684,0.24289708203167817
2.1894967173482887e-06,111.63614175255906,0.24853188950538427,0.7514680487429625,0.2485318895053841
2.2299609129826784e-06,114.06646819107596,0.2541288890529415,0.7458710491954054,0.25412888905294134
2.270425108617068e-06,116.48038493616632,0.25968809733597326,0.7403118409123736,0.2596880973359731
2.3108893042514577e-06,118.87790752675566,0.2652095501481521,0.7347903881001949,0.26520955014815195
2.3513534998858474e-06,121.25905897745616,0.2706933005232128,0.729306637725134,0.2706933005232126
2.391817695520237e-06,123.62386906515277,0.276139417044667,0.7238605212036799,0.2761394170446668
2.4322818911546268e-06,125.97237367363488,0.28154798233856804,0.7184519559097787,0.28154798233856787
2.4727460867890164e-06,128.30461419859685,0.28691909172782304,0.7130808465205241,0.2869190917278229
2.513210282423406e-06,130.62063701957067,0.2922528520253171,0.7077470862230298,0.29225285202531687
2.594138673692186e-06,135.20423740092264,0.30280880393344956,0.6971911343148973,0.30280880393344944
2.6669742258340874e-06,139.27456490916722,0.3121826974737518,0.687817240774595,0.3121826974737517
2.73773700650212e-06,143.17959668365972,0.32117591780494864,0.6788240204433983,0.3211759178049486
2.808499787170153e-06,147.03624855650602,0.3300577219617707,0.6699422162865762,0.3300577219617706
2.8792625678381856e-06,150.84490970616253,0.33882900192444954,0.6611709363238971,0.3388290019244494
2.9500253485062184e-06,154.60598494274535,0.3474906926997131,0.6525092455486338,0.34749069269971294
3.020788129174251e-06,158.3198959214643,0.356043765202321,0.6439561730460258,0.35604376520232084
3.091550909842284e-06,161.98707739392057,0.3644892203031659,0.635510717945181,0.3644892203031657
3.1623136905103167e-06,165.607974765589,0.3728280837473917,0.6271718545009551,0.3728280837473915
3.2330764711783495e-06,169.18304220159106,0.38106140170929875,0.6189385365390481,0.3810614017092986
3.3038392518463822e-06,172.71274111453732,0.3891902369001198,0.6108097013482271,0.3891902369001196
3.374602032514415e-06,176.19753871343306,0.39721566519977464,0.6027842730485723,0.3972156651997744
3.4453648131824477e-06,179.63790666074183,0.40513877275102145,0.5948611654973253,0.4051387727510213
3.5161275938504805e-06,183.0343199352458,0.41296065342863125,0.5870392848197157,0.4129606534286311
3.5868903745185133e-06,186.38725589087582,0.42068240661449,0.5793175316338569,0.4206824066144898
3.657653155186546e-06,189.6971934366798,0.4283051352404906,0.5716948030078562,0.4283051352404904
3.728415935854579e-06,192.96461229203663,0.435829944073276,0.5641699941750707,0.43582994407327585
3.7991787165226116e-06,196.18999231912449,0.44325793821135295,0.5567420000369938,0.44325793821135273
3.9407042778586775e-06,202.51655290827878,0.45782789712389266,0.5421720411244542,0.45782789712389244
4.068077283061136e-06,208.07148258677105,0.4706208036748879,0.529379134573459,0.4706208036748876
4.195450288263595e-06,213.4976193564537,0.48311710800429136,0.5168828302440555,0.48311710800429114
4.322823293466054e-06,218.7977117255919,0.49532312469698997,0.5046768135513567,0.49532312469698975
4.450196298668512e-06,223.97446525070154,0.5072451000541917,0.49275483819415516,0.5072451000541914
4.577569303870971e-06,229.03056268882258,0.5188892027587599,0.4811107354895869,0.5188892027587597
4.70494230907343e-06,233.9686431543441,0.5302615165294181,0.46973842171892877,0.5302615165294179
4.8323153142758885e-06,238.79131011875432,0.541368034317212,0.45863190393113473,0.5413680343172118
4.959688319478347e-06,243.50112407926338,0.5522146539177004,0.44778528433064624,0.5522146539177001
5.087061324680806e-06,248.10060344892923,0.5628071746457232,0.4371927636026237,0.5628071746457229
5.214434329883265e-06,252.59222240695524,0.5731512948620857,0.42684864338626094,0.5731512948620855
5.341807335085723e-06,256.97841072294574,0.583252610185789,0.41674732806255776,0.5832526101857889
5.469180340288182e-06,261.26155297975424,0.5931166123031845,0.40688332594516236,0.5931166123031842
5.596553345490641e-06,265.4439883825802,0.6027486882875485,0.39725124996079825,0.6027486882875482
5.7239263506930996e-06,269.5280105682578,0.6121541203447802,0.3878458179035667,0.61215412034478
5.851299355895558e-06,273.51586767717873,0.6213380859050607,0.3786618523432861,0.6213380859050605
5.978672361098017e-06,277.40976251192,0.6303056579987719,0.36969428024957474,0.6303056579987717
6.106045366300476e-06,281.2118528167222,0.6390618058711308,0.36093813237721595,0.6390618058711306
6.2334183715029344e-06,284.9242516270794,0.6476113957995036,0.3523885424488432,0.6476113957995033
6.488164381907853e-06,292.0882062146256,0.6641098585519051,0.3358900796964417,0.6641098585519049
6.742910392312771e-06,298.9176539399721,0.6798379579970004,0.3201619802513464,0.6798379579970001
6.970632887220775e-06,304.7520149510184,0.6932743900623133,0.30672554818603337,0.6932743900623131
7.198355382128779e-06,310.34185631567664,0.7061477003180103,0.2938522379303362,0.7061477003180102
7.426077877036783e-06,315.69728284673687,0.7184811528899079,0.28151878535843883,0.7184811528899078
7.653800371944787e-06,320.8279955151358,0.7302970946151287,0.269702843633218,0.7302970946151285
7.88152286685279e-06,325.74331252626706,0.7416169844521825,0.2583829537961643,0.7416169844521824
8.109245361760794e-06,330.4521796579387,0.7524614234126614,0.24753851483568512,0.7524614234126613
8.336967856668797e-06,334.9631826852772,0.76285018445862,0.23714975378972666,0.7628501844586199
8.670959338952489e-06,341.23851800037477,0.777302172935726,0.22269776531262075,0.7773021729357259
9.00495082123618e-06,347.13058835864683,0.7908715066348847,0.2091284316134619,0.7908715066348846
9.338942303519872e-06,352.6626341324984,0.8036117097541274,0.1963882284942192,0.8036117097541272
9.672933785803563e-06,357.8565138836108,0.8155731230216567,0.18442681522668997,0.8155731230216566
9.999999999999997e-06,362.73277876728224,0.8265773544550981,0.17342258379324868,0.826577354455098
1.0006925268087255e-05,362.73277876728224,0.8268030828843572,0.17319685536398952,0.8268030828843571
1.0340916750370947e-05,367.31075798730586,0.8373460901861484,0.16265384806219832,0.8373460901861481
1.0641509084426268e-05,371.19093749370245,0.8462820755707823,0.15371786267756446,0.8462820755707822
1.094210141848159e-05,374.8567097095118,0.8547242852980534,0.14527565295029315,0.8547242852980533
1.1242693752536912e-05,378.3198764704542,0.8626998980791014,0.1373000401692454,0.8626998980791013
1.1543286086592234e-05,381.5915958475035,0.8702346110370867,0.12976532721126008,0.8702346110370865
1.1843878420647556e-05,384.6824168968023,0.8773527181766471,0.12264722007169954,0.8773527181766468
1.2144470754702878e-05,387.60231171934237,0.8840771850470984,0.1159227532012483,0.8840771850470982
1.24450630887582e-05,390.3607064159373,0.890429720014203,0.10957021823414388,0.8904297200142027
1.2745655422813522e-05,392.96651069192615,0.8964308420193753,0.10356909622897127,0.8964308420193751
1.3046247756868844e-05,395.42814570390976,0.9020999447124955,0.097899993535851,0.9020999447124953
1.3346840090924166e-05,397.7535703322759,0.9074553571798454,0.0925445810685012,0.9074553571798452
1.3647432424979488e-05,399.9503061772842,0.912514401590864,0.08748553665748286,0.9125144015908638
1.394802475903481e-05,402.02546136993016,0.917293447912716,0.08270649033563075,0.9172934479127158
1.4248617093090131e-05,403.9857531094735,0.921807965724987,0.07819197252335967,0.9218079657249868
1.4549209427145453e-05,405.8375289264975,0.9260725732365789,0.0739273650117678,0.9260725732365787
1.4849801761200775e-05,407.586786804488,0.9301010836949595,0.06989885455338728,0.9301010836949593
1.5150394095256097e-05,409.23919427603374,0.933906549355214,0.0660933888931329,0.9339065493552138
1.545098642931142e-05,410.8001065187927,0.9375013031089448,0.06249863513940207,0.9375013031089445
1.575157876336674e-05,412.27458345698886,0.9408969978607954,0.059102940387551504,0.9408969978607952
1.605217109742206e-05,413.6674059220141,0.9441046437720804,0.05589529447626643,0.9441046437720801
1.635276343147738e-05,414.98309094917374,0.9471346435015915,0.052865294746755435,0.9471346435015913
1.66533557655327e-05,416.2259062621471,0.9499968255506904,0.05000311269765635,0.9499968255506902
1.695394809958802e-05,417.3998839718626,0.9527004758000456,0.0472994624483013,0.9527004758000454
1.725454043364334e-05,418.50883352213566,0.955254367327453,0.0447455709208938,0.9552543673274527
1.755513276769866e-05,419.55635392889434,0.9576667886029698,0.042333149645376975,0.9576667886029697
1.785572510175398e-05,420.5458453580226,0.9599455701523684,0.040054368095978204,0.9599455701523681
1.81563174358093e-05,421.48052007488405,0.9620981097684468,0.03790182847989975,0.9620981097684467
1.845690976986462e-05,422.3634127937086,0.9641313963440021,0.03586854190434439,0.9641313963440019
1.875750210391994e-05,423.1973904587053,0.9660520324003748,0.03394790584797197,0.9660520324003745
1.905809443797526e-05,423.9851614906448,0.9678662553839292,0.03213368286441738,0.967866255383929
1.9358686772030582e-05,424.72928452882894,0.9695799577974349,0.03041998045091161,0.9695799577974347
1.9659279106085902e-05,425.4321766940014,0.9711987062279565,0.028801232020390137,0.9711987062279562
1.9959871440141222e-05,426.09612139691177,0.9727277593301621,0.02727217891818446,0.9727277593301619
2.0260463774196542e-05,426.72327571781784,0.974172084822189,0.025827853426157444,0.9741720848221888
2.0561056108251863e-05,427.3156773811583,0.9755363755482874,0.024463562700058974,0.9755363755482872
2.0861648442307183e-05,427.8752513472589,0.9768250646588176,0.02317487358952889,0.9768250646588174
2.1162240776362503e-05,428.40381604129345,0.9780423399552033,0.021957598293143032,0.9780423399552031
2.1462833110417823e-05,428.90308923916916,0.9791921574453188,0.020807780803027524,0.9791921574453186
2.1763425444473144e-05,429.37469362941397,0.9802782541526522,0.01972168409569432,0.980278254152652
2.2064017778528464e-05,429.8201620689355,0.9813041602201147,0.018695778028231826,0.9813041602201145
2.2364610112583784e-05,430.2409425492224,0.9822732103469355,0.01772672790141093,0.9822732103469353
2.2665202446639104e-05,430.6384028886776,0.9831885545950418,0.016811383653304406,0.9831885545950416
2.2965794780694424e-05,431.0138351661488,0.9840531685995192,0.015946769648827297,0.984053168599519
2.3266387114749745e-05,431.36845990995886,0.9848698632158986,0.01513007503244785,0.9848698632158984
2.3566979448805065e-05,431.70343005584994,0.985641293635168,0.01435864461317853,0.9856412936351677
2.3867571782860385e-05,432.01983468645255,0.986369967995672,0.013629970252674328,0.9863699679956718
2.4168164116915705e-05,432.3187025642685,0.9870582555195377,0.012941682728808615,0.9870582555195375
2.4468756450971025e-05,432.6010054695503,0.9877083941997856,0.012291544048560778,0.9877083941997854
2.4769348785026346e-05,432.86766135383726,0.9883224980628577,0.011677440185488778,0.9883224980628574
2.5069941119081666e-05,433.11953731927264,0.9889025640299102,0.011097374218436385,0.98890256402991
2.5370533453136986e-05,433.35745243327193,0.9894504783989476,0.010549459849398927,0.9894504783989474
2.5671125787192306e-05,433.5821803876188,0.9899680229686865,0.010031915279660155,0.9899680229686862
2.5971718121247627e-05,433.7944520105715,0.9904568808238962,0.009543057424450298,0.9904568808238959
2.6272310455302947e-05,433.99495764008384,0.9909186418008809,0.00908129644746579,0.9909186418008806
2.6572902789358267e-05,434.1843493657916,0.991354807650727,0.008645130597619509,0.9913548076507268
2.6873495123413587e-05,434.3632431469974,0.9917667969169935,0.008233141331352972,0.9917667969169933
2.7174087457468907e-05,434.5322208135041,0.992155949543595,0.00784398870475151,0.9921559495435948
2.7474679791524228e-05,434.6918319557605,0.9925235312277766,0.007476407020569925,0.9925235312277764
2.7775272125579548e-05,434.84259571043174,0.9928707375322491,0.007129200716097483,0.9928707375322489
2.8075864459634868e-05,434.98500244716604,0.9931986977697816,0.006801240478564909,0.9931986977697814
2.8376456793690188e-05,435.11951536201394,0.9935084786728212,0.006491459575525501,0.993508478672821
2.867704912774551e-05,435.2465719826596,0.9938010878600136,0.006198850388333061,0.9938010878600134
2.897764146180083e-05,435.3665855903367,0.9940774771108524,0.005922461137494352,0.9940774771108521
2.927823379585615e-05,435.4799465630337,0.9943385454590542,0.005661392789292423,0.994338545459054
2.957882612991147e-05,435.58702364433776,0.9945851421146855,0.005414796133661186,0.9945851421146853
2.987941846396679e-05,435.68816514202814,0.9948180692245033,0.005181869023843083,0.9948180692245031
3.018001079802211e-05,435.7837000603069,0.9950380844794626,0.004961853768883895,0.9950380844794624
3.048060313207743e-05,435.8739391693333,0.995245903577834,0.004754034670512468,0.9952459035778338
3.078119546613275e-05,435.9591760155318,0.9954422025519271,0.0045577356964195395,0.9954422025519268
3.108178780018807e-05,436.03968787594874,0.9956276199659562,0.004372318282390323,0.995627619965956
3.138238013424339e-05,436.11573665975436,0.9958027589921847,0.00419717925616192,0.9958027589921845
3.168297246829871e-05,436.1875697598133,0.9959681893720764,0.004031748876270367,0.9959681893720762
3.198356480235403e-05,436.25542085708787,0.9961244492688227,0.003875488979524106,0.9961244492688225
3.228415713640935e-05,436.3195106804839,0.9962720470172544,0.0037278912310922817,0.9962720470172541
3.258474947046467e-05,436.380047724606,0.9964114627768188,0.003588475471528203,0.9964114627768186
3.288534180451999e-05,436.4372289277496,0.9965431500929844,0.0034567881553622766,0.9965431500929842
3.318593413857531e-05,436.4912403123357,0.9966675373721517,0.00333240087619528,0.9966675373721515
3.348652647263063e-05,436.5422575898624,0.9967850292748437,0.0032149089735031213,0.9967850292748435
3.378711880668595e-05,436.59044673234195,0.9968960080317179,0.0031039302166289643,0.9968960080317176
3.408771114074127e-05,436.63596451207616,0.9970008346866579,0.002999103561688782,0.9970008346866577
3.438830347479659e-05,436.6789590115252,0.9970998502709939,0.0029000879773527777,0.9970998502709937
3.468889580885191e-05,436.71957010492514,0.9971933769126584,0.0028065613356884614,0.9971933769126582
3.498948814290723e-05,436.75792991321885,0.9972817188838844,0.0027182193644621827,0.9972817188838842
3.529008047696255e-05,436.7941632337794,0.9973651635908516,0.0026347746574952764,0.9973651635908514
3.5590672811017873e-05,436.82838794631937,0.9974439825084873,0.002555955739859293,0.9974439825084871
3.5891265145073194e-05,436.8607153963096,0.9975184320634739,0.0024815061848727847,0.9975184320634737
3.6191857479128514e-05,436.8912507833824,0.99758875445683,0.002411183791516659,0.9975887544568298
3.6492449813183834e-05,436.92009336711385,0.9976551784822416,0.0023447597661052618,0.9976551784822414
3.6793042147239154e-05,436.94733706028535,0.997717920258683,0.002282017989663709,0.9977179202586828
3.7093634481294474e-05,436.9730704978085,0.9977771839104548,0.0022227543378918586,0.9977771839104546
3.7394226815349795e-05,436.99737738942537,0.9978331622331036,0.00216677601524313,0.9978331622331034
3.7694819149405115e-05,437.02033679498356,0.9978860373423435,0.002113900906003092,0.9978860373423433
3.7995411483460435e-05,437.04202341283707,0.9979359812748045,0.002063956973541991,0.9979359812748043
3.8296003817515755e-05,437.0625078272602,0.9979831565282449,0.0020167817201014815,0.9979831565282447
3.8596596151571076e-05,437.08185668695626,0.9980277165753161,0.001972221673030595,0.9980277165753159
3.8897188485626396e-05,437.1001328888988,0.998069806389365,0.0019301318589815429,0.9980698063893648
3.9197780819681716e-05,437.1173959469713,0.998109562913478,0.001890375334868663,0.9981095629134777
3.9498373153737036e-05,437.1337020314929,0.998147115487422,0.0018528227609246933,0.9981471154874217
3.9798965487792356e-05,437.1491041212246,0.9981825862936959,0.0018173519546506077,0.9981825862936957
4.009955782184768e-05,437.16365240845596,0.9982160907418303,0.0017838475065164283,0.99821609074183
4.0400150155903e-05,437.1773942078861,0.9982477378303001,0.0017522004180465921,0.9982477378302999
4.070074248995832e-05,437.19037418237974,0.9982776305231686,0.0017223077251779816,0.9982776305231684
4.100133482401364e-05,437.2026346139212,0.9983058660802017,0.0016940721681449802,0.9983058660802014
4.130192715806896e-05,437.2142153863468,0.9983325363606816,0.001667401887664885,0.9983325363606814
4.160251949212428e-05,437.2251541315839,0.9983577281399751,0.001642210108371506,0.9983577281399749
4.19031118261796e-05,437.23548649214905,0.9983815233839853,0.0016184148643613653,0.9983815233839851
4.220370416023492e-05,437.2452460748938,0.9984039995057828,0.001595938742564013,0.9984039995057826
4.250429649429024e-05,437.2544645980297,0.9984252296329673,0.0015747086153794275,0.9984252296329671
4.280488882834556e-05,437.2631720936001,0.9984452828411989,0.0015546554071476635,0.9984452828411987
4.310548116240088e-05,437.27139688620156,0.9984642243702361,0.0015357138781105205,0.9984642243702359
4.34060734964562e-05,437.2791657039235,0.9984821158488691,0.0015178223994775201,0.9984821158488689
4.370666583051152e-05,437.2865038747302,0.9984990154835564,0.0015009227647902555,0.9984990154835561
4.400725816456684e-05,437.29343520240025,0.998514978265397,0.001484959982949741,0.9985149782653968
4.430785049862216e-05,437.2999823106515,0.9985300561337873,0.001469882114559389,0.9985300561337871
4.460844283267748e-05,437.30616647213543,0.9985442981399022,0.0014556401084444364,0.998544298139902
4.520962750078812e-05,437.3175253011489,0.9985704573280249,0.0014294809203218805,0.9985704573280246
4.5563857141013024e-05,437.3236360391829,0.9985845302574482,0.001415407990898424,0.998584530257448
4.591808678123793e-05,437.3293495817423,0.998597688447654,0.001402249800692813,0.9985976884476537
4.627231642146283e-05,437.3346917553615,0.9986099913479576,0.0013899469003891402,0.9986099913479574
4.662654606168773e-05,437.33968665728753,0.9986214945500717,0.0013784436982750402,0.9986214945500714
4.6980775701912636e-05,437.3443569189326,0.9986322500339818,0.001367688214364852,0.9986322500339816
4.733500534213754e-05,437.34872357725646,0.9986423064073014,0.0013576318410452545,0.9986423064073012
4.768923498236244e-05,437.35280642646774,0.9986517091133356,0.001348229135011,0.9986517091133353
4.8043464622587346e-05,437.35662386495716,0.9986605006420012,0.0013394376063455068,0.998660500642001
4.839769426281225e-05,437.36019319348924,0.9986687207171427,0.0013312175312040196,0.9986687207171425
4.875192390303715e-05,437.3635304931347,0.9986764064837387,0.0013235317646079002,0.9986764064837385
4.912834299727637e-05,437.36683944874846,0.9986840269536196,0.0013159112947271278,0.9986840269536194
4.9504762091515584e-05,437.36992033055134,0.9986911221549862,0.001308816093360456,0.998691122154986
4.98811811857548e-05,437.37278884206694,0.9986977282932294,0.001302209955117172,0.9986977282932292
5.0257600279994016e-05,437.3754596371422,0.9987038790784605,0.0012960591698862073,0.9987038790784603
5.063401937423323e-05,437.3779463317604,0.9987096058982875,0.0012903323500591424,0.9987096058982873
5.101043846847245e-05,437.38026162531673,0.9987149379764452,0.0012850002719014407,0.998714937976445
5.1386857562711664e-05,437.3824173258294,0.9987199025221292,0.001280035726217477,0.9987199025221289
5.176327665695088e-05,437.3844244394977,0.9987245248685572,0.0012754133797895013,0.998724524868557
5.2139695751190096e-05,437.38629320400696,0.9987288286029108,0.0012711096454357477,0.9987288286029106
5.251611484542931e-05,437.38803315840414,0.9987328356865999,0.0012671025617468146,0.9987328356865997
5.289253393966853e-05,437.38965317898214,0.9987365665674509,0.001263371680895728,0.9987365665674507
5.3268953033907744e-05,437.39116153442245,0.9987400402837786,0.0012598979645679392,0.9987400402837784
5.364537212814696e-05,437.39256592042125,0.9987432745615927,0.0012566636867539199,0.9987432745615925
5.4021791222386176e-05,437.3938735044708,0.9987462859050026,0.0012536523433439573,0.9987462859050024
5.439821031662539e-05,437.39509095821376,0.9987490896805503,0.0012508485677964532,0.9987490896805501
5.477462941086461e-05,437.3962244947355,0.9987517001955926,0.0012482380527540481,0.9987517001955923
5.5151048505103824e-05,437.3972798978974,0.9987541307713307,0.001245807477015772,0.9987541307713305
5.552746759934304e-05,437.3982625536605,0.9987563938107386,0.0012435444376078842,0.9987563938107383
5.5903886693582256e-05,437.3991774761744,0.9987585008618678,0.0012414373864786908,0.9987585008618676
5.628030578782147e-05,437.4000293343858,0.9987604626767683,0.0012394755715783435,0.9987604626767681
5.665672488206069e-05,437.4008224750866,0.9987622892663734,0.001237648981973036,0.9987622892663732
5.7033143976299904e-05,437.40156094569414,0.9987639899515792,0.0012359482967674157,0.998763989951579
5.740956307053912e-05,437.4022485144642,0.9987655734108088,0.0012343648375378782,0.9987655734108086
5.7785982164778336e-05,437.4028886900538,0.998767047724291,0.0012328905240556744,0.9987670477242908
5.816240125901755e-05,437.40348473916845,0.9987684204152953,0.0012315178330512266,0.9987684204152951
5.853882035325677e-05,437.40403970342066,0.9987696984885214,0.0012302397598251994,0.9987696984885212
5.8915239447495984e-05,437.40455641470857,0.9987708884658456,0.0012290497825010337,0.9987708884658454
5.92916585417352e-05,437.40503750977587,0.9987719964196005,0.0012279418287460715,0.9987719964196002
5.9668077635974416e-05,437.4054854435868,0.9987730280035619,0.0012269102447845352,0.9987730280035617
6.004449673021363e-05,437.4059025019142,0.9987739884817983,0.0012259497665483145,0.9987739884817981
6.042091582445285e-05,437.4062908129558,0.9987748827555322,0.0012250554928143389,0.998774882755532
6.0797334918692065e-05,437.40665235823025,0.998775715388152,0.0012242228601944528,0.9987757153881518
6.117375401293128e-05,437.40698898266135,0.998776490628498,0.0012234476198483882,0.9987764906284978
6.155017310717049e-05,437.4073024040133,0.9987772124325437,0.00122272581580271,0.9987772124325435
6.19265922014097e-05,437.40759422164103,0.9987778844835826,0.0012220537647637986,0.9987778844835824
6.230301129564891e-05,437.407865924663,0.9987785102110239,0.0012214280373226323,0.9987785102110237
6.267943038988812e-05,437.4081188995505,0.9987790928078917,0.0012208454404547455,0.9987790928078915
6.305584948412733e-05,437.40835443721073,0.9987796352471198,0.001220303001226616,0.9987796352471195
6.343226857836654e-05,437.40857373956766,0.9987801402967214,0.0012197979516250107,0.9987801402967211
6.380868767260575e-05,437.4087779257001,0.9987806105339142,0.0012193277144321646,0.998780610533914
6.418510676684495e-05,437.40896803754913,0.9987810483582719,0.0012188898900744878,0.9987810483582716
6.493794495532339e-05,437.40930985158633,0.9987818355495688,0.0012181026987776223,0.9987818355495686
6.561549932495397e-05,437.4095784031669,0.9987824540201049,0.0012174842282414275,0.9987824540201047
6.629305369458456e-05,437.40981456894116,0.9987829978857069,0.001216940362639481,0.9987829978857067
6.697060806421514e-05,437.4100222451074,0.9987834761504187,0.0012164620979276755,0.9987834761504185
6.764816243384573e-05,437.4102048605342,0.9987838967222817,0.0012160415260646458,0.9987838967222815
6.832571680347631e-05,437.4103654408403,0.9987842665518749,0.0012156716964713498,0.9987842665518747
6.90032711731069e-05,437.410506656021,0.998784591761708,0.0012153464866383643,0.9987845917617078
6.968082554273748e-05,437.4106308448682,0.9987848777454561,0.0012150605028901768,0.9987848777454559
7.035837991236806e-05,437.41074004742177,0.9987851292381834,0.0012148090101630016,0.9987851292381832
7.103593428199865e-05,437.4108360617661,0.9987853503880283,0.001214587860318153,0.9987853503880281
7.171348865162923e-05,437.41092049198505,0.9987855448455065,0.0012143934028400782,0.9987855448455063
7.239104302125982e-05,437.4109947543433,0.9987857158420993,0.0012142224062472783,0.9987857158420991
7.30685973908904e-05,437.4110600494005,0.9987858662184502,0.0012140720298963092,0.99878586621845
7.374615176052099e-05,437.4111174646691,0.9987859984571632,0.0012139397911832786,0.998785998457163
7.442370613015157e-05,437.41116794835017,0.998786114735506,0.001213823512840284,0.9987861147355058
7.510126049978216e-05,437.41121235272914,0.9987862169819485,0.0012137212663978622,0.9987862169819482
7.577881486941274e-05,437.4112514127653,0.9987863069041846,0.0012136313441618181,0.9987863069041844
7.645636923904333e-05,437.4112857527799,0.9987863859911659,0.0012135522571802184,0.9987863859911656
7.713392360867391e-05,437.4113159301591,0.9987864555311022,0.0012134827172441095,0.998786455531102
7.78114779783045e-05,437.41134248182203,0.9987865166692731,0.001213421579073263,0.9987865166692729
7.848903234793508e-05,437.41136584399993,0.9987865704362846,0.001213367812061643,0.9987865704362844
7.916658671756567e-05,437.4113863687159,0.9987866177262069,0.0012133205221394297,0.9987866177262067
7.984414108719625e-05,437.41140440654306,0.9987866593040479,0.0012132789442984419,0.9987866593040476
8.052169545682684e-05,437.41142028817393,0.9987866958564777,0.0012132423918684695,0.9987866958564775
8.119924982645742e-05,437.4114342520334,0.9987867280021476,0.0012132102461986645,0.9987867280021474
8.1876804196088e-05,437.4114465376885,0.9987867562818431,0.0012131819665030855,0.9987867562818429
8.255435856571859e-05,437.41145732658134,0.9987867811522085,0.0012131570961377348,0.9987867811522083
8.323191293534917e-05,437.4114668059531,0.9987868030091958,0.0012131352391503262,0.9987868030091955
8.390946730497976e-05,437.41147515688357,0.9987868222214298,0.001213116026916547,0.9987868222214296
8.458702167461034e-05,437.4114825030204,0.9987868391233626,0.0012130991249837521,0.9987868391233624
8.526457604424093e-05,437.41148895939097,0.998786853994715,0.0012130842536312982,0.9987868539947148
8.594213041387151e-05,437.41149463117705,0.9987868670707856,0.0012130711775608265,0.9987868670707853
8.66196847835021e-05,437.41149961687427,0.9987868785619853,0.0012130596863608738,0.9987868785619851
8.729723915313268e-05,437.411504007437,0.9987868886643395,0.0012130495840068341,0.9987868886643393
8.797479352276327e-05,437.41150787444224,0.998786897553963,0.0012130406943834792,0.9987868975539628
8.865234789239385e-05,437.4115112733285,0.9987869053781234,0.0012130328702229026,0.9987869053781232
8.932990226202444e-05,437.4115142560586,0.9987869122580407,0.0012130259903054268,0.9987869122580405
9.000745663165502e-05,437.4115168767682,0.9987869183017458,0.0012130199466005263,0.9987869183017456
9.06850110012856e-05,437.41151918909685,0.9987869236147823,0.0012130146335640052,0.998786923614782
9.136256537091619e-05,437.41152122731137,0.9987869282938593,0.0012130099544871065,0.9987869282938591
9.204011974054678e-05,437.41152300894015,0.9987869324111116,0.0012130058372347343,0.9987869324111114
9.271767411017736e-05,437.41152457218664,0.9987869360259485,0.0012130022223978585,0.9987869360259483
9.339522847980795e-05,437.4115259490759,0.9987869391984159,0.0012129990499305137,0.9987869391984157
9.407278284943853e-05,437.41152716668984,0.9987869419894781,0.0012129962588681936,0.9987869419894779
9.487130311506592e-05,437.41152840814163,0.998786944851928,0.0012129933964183384,0.9987869448519278
9.56698233806933e-05,437.4115294832297,0.9987869473116663,0.0012129909366799675,0.9987869473116661
9.64683436463207e-05,437.41153039807676,0.9987869494261699,0.0012129888221765663,0.9987869494261696
9.726686391194808e-05,437.411531189177,0.9987869512433445,0.001212987005001744,0.9987869512433443
9.806538417757547e-05,437.41153186577037,0.9987869528055632,0.001212985442783097,0.998786952805563
9.886390444320286e-05,437.4115324471491,0.9987869541500025,0.001212984098343954,0.9987869541500023
9.999999999999998e-05,437.41153338136377,0.9987869557463194,0.001212982502026995,0.9987869557463191
0.00010046094497445764,437.41153338136377,0.9987869563014826,0.0012129819468636909,0.9987869563014824
0.00010205798550571241,437.41153405989746,0.9987869578936277,0.0012129803547185087,0.9987869578936275
0.00010349532198384171,437.41153453887074,0.9987869589670647,0.0012129792812817935,0.9987869589670645
0.00010493265846197101,437.41153488769567,0.998786959783323,0.001212978465023341,0.9987869597833228
0.00010636999494010032,437.41153516064907,0.9987869604039905,0.00121297784435595,0.9987869604039903
0.00010780733141822962,437.4115353661164,0.9987869608761608,0.0012129773721855331,0.9987869608761606
0.00010924466789635892,437.41153552247965,0.9987869612354903,0.0012129770128561392,0.99878696123549
0.00011068200437448822,437.411535641352,0.9987869615089444,0.0012129767394016956,0.9987869615089442
0.00011355667733074682,437.4115358013694,0.9987869618739119,0.0012129763744344484,0.9987869618739117
0.00011643135028700543,437.41153589240184,0.9987869620835187,0.0012129761648276068,0.9987869620835185
0.00011930602324326403,437.41153595507205,0.9987869622090386,0.001212976039307828,0.9987869622090384
0.00012218069619952262,437.4115359906688,0.9987869622886436,0.0012129759597028329,0.9987869622886434
0.00012505536915578122,437.41153600038353,0.9987869623330616,0.0012129759152846946,0.9987869623330614
0.00012806899286057032,437.4115360099349,0.9987869623550363,0.0012129758933102713,0.9987869623550361
0.00013409624027014853,437.4115360146006,0.9987869623657814,0.0012129758825650506,0.9987869623657811
0.0001395207629387689,437.4115360154303,0.9987869623680391,0.0012129758803072278,0.9987869623680389
0.00014440283334052724,437.4115360174429,0.9987869623723176,0.0012129758760288094,0.9987869623723173
0.00015416697414404393,437.4115360191314,0.9987869623762157,0.0012129758721308448,0.9987869623762154
0.0001639311149475606,437.411536020824,0.9987869623775821,0.0012129758707643793,0.9987869623775819
0.00018345939655459395,437.411536019977,0.998786962378163,0.0012129758701835446,0.9987869623781628
0.00022251595976866063,437.411536020037,0.9987869623783011,0.0012129758700454205,0.9987869623783009
0.000300629086196794,437.4115360200445,0.9987869623783185,0.0012129758700279594,0.9987869623783183
0.00045685533905306074,437.41153602005977,0.9987869623783198,0.0012129758700268197,0.9987869623783195
0.0007693078447655942,437.41153602004607,0.9987869623783198,0.001212975870026782,0.9987869623783195
0.0009999999999999998,437.41153602004493,0.9987869623783197,0.0012129758700267818,0.9987869623783194
0.001394212856190661,437.41153602004493,0.9987869623783197,0.0012129758700267816,0.9987869623783194
